--
-- PostgreSQL database dump
--

-- Dumped from database version 9.6.17
-- Dumped by pg_dump version 9.6.17

SET statement_timeout = 0;
SET lock_timeout = 0;
SET idle_in_transaction_session_timeout = 0;
SET client_encoding = 'UTF8';
SET standard_conforming_strings = on;
SELECT pg_catalog.set_config('search_path', '', false);
SET check_function_bodies = false;
SET xmloption = content;
SET client_min_messages = warning;
SET row_security = off;

--
-- Name: userdb; Type: SCHEMA; Schema: -; Owner: postgres
--

CREATE SCHEMA userdb;


ALTER SCHEMA userdb OWNER TO postgres;

--
-- Name: plpgsql; Type: EXTENSION; Schema: -; Owner: 
--

CREATE EXTENSION IF NOT EXISTS plpgsql WITH SCHEMA pg_catalog;


--
-- Name: EXTENSION plpgsql; Type: COMMENT; Schema: -; Owner: 
--

COMMENT ON EXTENSION plpgsql IS 'PL/pgSQL procedural language';


--
-- Name: alias_list; Type: DOMAIN; Schema: userdb; Owner: postgres
--

CREATE DOMAIN userdb.alias_list AS text NOT NULL
	CONSTRAINT alias_list_check CHECK (((VALUE ~ '(^(([A-Z][a-z]*:(1|2)*),\s)*([A-Z][a-z]*:(1|2)*))$'::text) OR (VALUE ~~ ''::text)));


ALTER DOMAIN userdb.alias_list OWNER TO postgres;

SET default_tablespace = '';

SET default_with_oids = false;

--
-- Name: categoria; Type: TABLE; Schema: userdb; Owner: userdb
--

CREATE TABLE userdb.categoria (
    id integer NOT NULL,
    nombre text NOT NULL
);


ALTER TABLE userdb.categoria OWNER TO userdb;

--
-- Name: categoria_id_seq; Type: SEQUENCE; Schema: userdb; Owner: userdb
--

CREATE SEQUENCE userdb.categoria_id_seq
    START WITH 1
    INCREMENT BY 1
    NO MINVALUE
    NO MAXVALUE
    CACHE 1;


ALTER TABLE userdb.categoria_id_seq OWNER TO userdb;

--
-- Name: categoria_id_seq; Type: SEQUENCE OWNED BY; Schema: userdb; Owner: userdb
--

ALTER SEQUENCE userdb.categoria_id_seq OWNED BY userdb.categoria.id;


--
-- Name: dispone; Type: TABLE; Schema: userdb; Owner: userdb
--

CREATE TABLE userdb.dispone (
    id integer NOT NULL,
    numerometateorema text,
    resuelto boolean DEFAULT false NOT NULL,
    loginusuario text NOT NULL,
    metateoremaid integer NOT NULL
);


ALTER TABLE userdb.dispone OWNER TO userdb;

--
-- Name: dispone_id_seq; Type: SEQUENCE; Schema: userdb; Owner: userdb
--

CREATE SEQUENCE userdb.dispone_id_seq
    START WITH 1
    INCREMENT BY 1
    NO MINVALUE
    NO MAXVALUE
    CACHE 1;


ALTER TABLE userdb.dispone_id_seq OWNER TO userdb;

--
-- Name: dispone_id_seq; Type: SEQUENCE OWNED BY; Schema: userdb; Owner: userdb
--

ALTER SEQUENCE userdb.dispone_id_seq OWNED BY userdb.dispone.id;


--
-- Name: hibernate_sequence; Type: SEQUENCE; Schema: userdb; Owner: userdb
--

CREATE SEQUENCE userdb.hibernate_sequence
    START WITH 1
    INCREMENT BY 1
    NO MINVALUE
    NO MAXVALUE
    CACHE 1;


ALTER TABLE userdb.hibernate_sequence OWNER TO userdb;

--
-- Name: materia; Type: TABLE; Schema: userdb; Owner: userdb
--

CREATE TABLE userdb.materia (
    id integer NOT NULL,
    nombre text NOT NULL
);


ALTER TABLE userdb.materia OWNER TO userdb;

--
-- Name: materia_id_seq; Type: SEQUENCE; Schema: userdb; Owner: userdb
--

CREATE SEQUENCE userdb.materia_id_seq
    START WITH 1
    INCREMENT BY 1
    NO MINVALUE
    NO MAXVALUE
    CACHE 1;


ALTER TABLE userdb.materia_id_seq OWNER TO userdb;

--
-- Name: materia_id_seq; Type: SEQUENCE OWNED BY; Schema: userdb; Owner: userdb
--

ALTER SEQUENCE userdb.materia_id_seq OWNED BY userdb.materia.id;


--
-- Name: metateorema; Type: TABLE; Schema: userdb; Owner: userdb
--

CREATE TABLE userdb.metateorema (
    id integer NOT NULL,
    enunciado text NOT NULL,
    metateoserializado bytea NOT NULL
);


ALTER TABLE userdb.metateorema OWNER TO userdb;

--
-- Name: metateorema_id_seq; Type: SEQUENCE; Schema: userdb; Owner: userdb
--

CREATE SEQUENCE userdb.metateorema_id_seq
    START WITH 1
    INCREMENT BY 1
    NO MINVALUE
    NO MAXVALUE
    CACHE 1;


ALTER TABLE userdb.metateorema_id_seq OWNER TO userdb;

--
-- Name: metateorema_id_seq; Type: SEQUENCE OWNED BY; Schema: userdb; Owner: userdb
--

ALTER SEQUENCE userdb.metateorema_id_seq OWNED BY userdb.metateorema.id;


--
-- Name: simbolo; Type: TABLE; Schema: userdb; Owner: userdb
--

CREATE TABLE userdb.simbolo (
    id integer NOT NULL,
    notacion_latex text NOT NULL,
    argumentos integer,
    esinfijo boolean DEFAULT false NOT NULL,
    asociatividad integer,
    precedencia integer NOT NULL,
    notacion text NOT NULL,
    teoriaid integer NOT NULL
);


ALTER TABLE userdb.simbolo OWNER TO userdb;

--
-- Name: simbolo_id_seq; Type: SEQUENCE; Schema: userdb; Owner: userdb
--

CREATE SEQUENCE userdb.simbolo_id_seq
    START WITH 1
    INCREMENT BY 1
    NO MINVALUE
    NO MAXVALUE
    CACHE 1;


ALTER TABLE userdb.simbolo_id_seq OWNER TO userdb;

--
-- Name: simbolo_id_seq; Type: SEQUENCE OWNED BY; Schema: userdb; Owner: userdb
--

ALTER SEQUENCE userdb.simbolo_id_seq OWNED BY userdb.simbolo.id;


--
-- Name: mostrarcategoria; Type: TABLE; Schema: userdb; Owner: userdb
--

CREATE TABLE userdb.mostrarcategoria (
    id integer DEFAULT nextval('userdb.simbolo_id_seq'::regclass) NOT NULL,
    categoriaid integer NOT NULL,
    usuariologin text NOT NULL
);


ALTER TABLE userdb.mostrarcategoria OWNER TO userdb;

--
-- Name: mostrarcategoria_id_seq; Type: SEQUENCE; Schema: userdb; Owner: userdb
--

CREATE SEQUENCE userdb.mostrarcategoria_id_seq
    START WITH 1
    INCREMENT BY 1
    NO MINVALUE
    NO MAXVALUE
    CACHE 1;


ALTER TABLE userdb.mostrarcategoria_id_seq OWNER TO userdb;

--
-- Name: predicado; Type: TABLE; Schema: userdb; Owner: userdb
--

CREATE TABLE userdb.predicado (
    predicado text NOT NULL,
    alias text NOT NULL,
    login text NOT NULL,
    argumentos text NOT NULL,
    aliases userdb.alias_list NOT NULL,
    notacion text NOT NULL
);


ALTER TABLE userdb.predicado OWNER TO userdb;

--
-- Name: publicacion; Type: TABLE; Schema: userdb; Owner: userdb
--

CREATE TABLE userdb.publicacion (
    alias text,
    login text
);


ALTER TABLE userdb.publicacion OWNER TO userdb;

--
-- Name: resuelve; Type: TABLE; Schema: userdb; Owner: userdb
--

CREATE TABLE userdb.resuelve (
    id integer NOT NULL,
    nombreteorema text,
    numeroteorema text NOT NULL,
    resuelto boolean DEFAULT false NOT NULL,
    loginusuario text NOT NULL,
    teoremaid integer NOT NULL,
    categoriaid integer NOT NULL
);


ALTER TABLE userdb.resuelve OWNER TO userdb;

--
-- Name: resuelve_id_seq; Type: SEQUENCE; Schema: userdb; Owner: userdb
--

CREATE SEQUENCE userdb.resuelve_id_seq
    START WITH 1
    INCREMENT BY 1
    NO MINVALUE
    NO MAXVALUE
    CACHE 1;


ALTER TABLE userdb.resuelve_id_seq OWNER TO userdb;

--
-- Name: resuelve_id_seq; Type: SEQUENCE OWNED BY; Schema: userdb; Owner: userdb
--

ALTER SEQUENCE userdb.resuelve_id_seq OWNED BY userdb.resuelve.id;


--
-- Name: solucion; Type: TABLE; Schema: userdb; Owner: userdb
--

CREATE TABLE userdb.solucion (
    id integer NOT NULL,
    resuelveid integer NOT NULL,
    resuelto boolean DEFAULT false NOT NULL,
    demostracion text NOT NULL,
    metodo text NOT NULL
);


ALTER TABLE userdb.solucion OWNER TO userdb;

--
-- Name: solucion_id_seq; Type: SEQUENCE; Schema: userdb; Owner: userdb
--

CREATE SEQUENCE userdb.solucion_id_seq
    START WITH 1
    INCREMENT BY 1
    NO MINVALUE
    NO MAXVALUE
    CACHE 1;


ALTER TABLE userdb.solucion_id_seq OWNER TO userdb;

--
-- Name: solucion_id_seq; Type: SEQUENCE OWNED BY; Schema: userdb; Owner: userdb
--

ALTER SEQUENCE userdb.solucion_id_seq OWNED BY userdb.solucion.id;


--
-- Name: teorema; Type: TABLE; Schema: userdb; Owner: userdb
--

CREATE TABLE userdb.teorema (
    id integer NOT NULL,
    enunciado text NOT NULL,
    esquema boolean NOT NULL,
    aliases userdb.alias_list NOT NULL
);


ALTER TABLE userdb.teorema OWNER TO userdb;

--
-- Name: teorema_id_seq; Type: SEQUENCE; Schema: userdb; Owner: userdb
--

CREATE SEQUENCE userdb.teorema_id_seq
    START WITH 1
    INCREMENT BY 1
    NO MINVALUE
    NO MAXVALUE
    CACHE 1;


ALTER TABLE userdb.teorema_id_seq OWNER TO userdb;

--
-- Name: teorema_id_seq; Type: SEQUENCE OWNED BY; Schema: userdb; Owner: userdb
--

ALTER SEQUENCE userdb.teorema_id_seq OWNED BY userdb.teorema.id;


--
-- Name: teoria; Type: TABLE; Schema: userdb; Owner: userdb
--

CREATE TABLE userdb.teoria (
    id integer NOT NULL,
    nombre text NOT NULL
);


ALTER TABLE userdb.teoria OWNER TO userdb;

--
-- Name: teoria_id_seq; Type: SEQUENCE; Schema: userdb; Owner: userdb
--

CREATE SEQUENCE userdb.teoria_id_seq
    START WITH 1
    INCREMENT BY 1
    NO MINVALUE
    NO MAXVALUE
    CACHE 1;


ALTER TABLE userdb.teoria_id_seq OWNER TO userdb;

--
-- Name: teoria_id_seq; Type: SEQUENCE OWNED BY; Schema: userdb; Owner: userdb
--

ALTER SEQUENCE userdb.teoria_id_seq OWNED BY userdb.teoria.id;


--
-- Name: termino; Type: TABLE; Schema: userdb; Owner: userdb
--

CREATE TABLE userdb.termino (
    combinador text NOT NULL,
    serializado bytea NOT NULL,
    alias text NOT NULL,
    login text NOT NULL
);


ALTER TABLE userdb.termino OWNER TO userdb;

--
-- Name: usuario; Type: TABLE; Schema: userdb; Owner: userdb
--

CREATE TABLE userdb.usuario (
    login text NOT NULL,
    nombre text NOT NULL,
    apellido text NOT NULL,
    correo text NOT NULL,
    password text NOT NULL,
    materiaid integer NOT NULL,
    admin boolean DEFAULT false NOT NULL
);


ALTER TABLE userdb.usuario OWNER TO userdb;

--
-- Name: categoria id; Type: DEFAULT; Schema: userdb; Owner: userdb
--

ALTER TABLE ONLY userdb.categoria ALTER COLUMN id SET DEFAULT nextval('userdb.categoria_id_seq'::regclass);


--
-- Name: dispone id; Type: DEFAULT; Schema: userdb; Owner: userdb
--

ALTER TABLE ONLY userdb.dispone ALTER COLUMN id SET DEFAULT nextval('userdb.dispone_id_seq'::regclass);


--
-- Name: metateorema id; Type: DEFAULT; Schema: userdb; Owner: userdb
--

ALTER TABLE ONLY userdb.metateorema ALTER COLUMN id SET DEFAULT nextval('userdb.metateorema_id_seq'::regclass);


--
-- Name: resuelve id; Type: DEFAULT; Schema: userdb; Owner: userdb
--

ALTER TABLE ONLY userdb.resuelve ALTER COLUMN id SET DEFAULT nextval('userdb.resuelve_id_seq'::regclass);


--
-- Name: simbolo id; Type: DEFAULT; Schema: userdb; Owner: userdb
--

ALTER TABLE ONLY userdb.simbolo ALTER COLUMN id SET DEFAULT nextval('userdb.simbolo_id_seq'::regclass);


--
-- Name: solucion id; Type: DEFAULT; Schema: userdb; Owner: userdb
--

ALTER TABLE ONLY userdb.solucion ALTER COLUMN id SET DEFAULT nextval('userdb.solucion_id_seq'::regclass);


--
-- Name: teorema id; Type: DEFAULT; Schema: userdb; Owner: userdb
--

ALTER TABLE ONLY userdb.teorema ALTER COLUMN id SET DEFAULT nextval('userdb.teorema_id_seq'::regclass);


--
-- Name: teoria id; Type: DEFAULT; Schema: userdb; Owner: userdb
--

ALTER TABLE ONLY userdb.teoria ALTER COLUMN id SET DEFAULT nextval('userdb.teoria_id_seq'::regclass);


--
-- Data for Name: categoria; Type: TABLE DATA; Schema: userdb; Owner: userdb
--

COPY userdb.categoria (id, nombre) FROM stdin;
1	Equivalence and true
2	Negaci贸n Inequivalence and false
3	Disjunction
4	Conjunction
5	Implication
6	Leibniz as an Axiom
\.


--
-- Name: categoria_id_seq; Type: SEQUENCE SET; Schema: userdb; Owner: userdb
--

SELECT pg_catalog.setval('userdb.categoria_id_seq', 6, true);


--
-- Data for Name: dispone; Type: TABLE DATA; Schema: userdb; Owner: userdb
--

COPY userdb.dispone (id, numerometateorema, resuelto, loginusuario, metateoremaid) FROM stdin;
1	3.1	f	AdminTeoremas	1
2	3.2.a	f	AdminTeoremas	2
3	3.2.b	f	AdminTeoremas	3
4	3.2.c	f	AdminTeoremas	4
5	3.2.d	f	AdminTeoremas	5
6	3.2.e	f	AdminTeoremas	6
7	3.3.a	f	AdminTeoremas	7
8	3.3.b	f	AdminTeoremas	8
9	3.4	f	AdminTeoremas	9
10	3.5	f	AdminTeoremas	10
11	3.8	f	AdminTeoremas	11
12	3.9	f	AdminTeoremas	12
13	3.10	f	AdminTeoremas	13
14	3.11	f	AdminTeoremas	14
15	3.12	f	AdminTeoremas	15
16	3.13	f	AdminTeoremas	16
17	3.14	f	AdminTeoremas	17
18	3.15	f	AdminTeoremas	18
19	3.16	f	AdminTeoremas	19
20	3.17	f	AdminTeoremas	20
21	3.18	f	AdminTeoremas	21
22	3.19	f	AdminTeoremas	22
23	3.24	f	AdminTeoremas	23
24	3.25	f	AdminTeoremas	24
\.


--
-- Name: dispone_id_seq; Type: SEQUENCE SET; Schema: userdb; Owner: userdb
--

SELECT pg_catalog.setval('userdb.dispone_id_seq', 1, false);


--
-- Name: hibernate_sequence; Type: SEQUENCE SET; Schema: userdb; Owner: userdb
--

SELECT pg_catalog.setval('userdb.hibernate_sequence', 1, false);


--
-- Data for Name: materia; Type: TABLE DATA; Schema: userdb; Owner: userdb
--

COPY userdb.materia (id, nombre) FROM stdin;
1	L贸gica Simb贸lica Ene-Mar 2018
\.


--
-- Name: materia_id_seq; Type: SEQUENCE SET; Schema: userdb; Owner: userdb
--

SELECT pg_catalog.setval('userdb.materia_id_seq', 1, true);


--
-- Data for Name: metateorema; Type: TABLE DATA; Schema: userdb; Owner: userdb
--

COPY userdb.metateorema (id, enunciado, metateoserializado) FROM stdin;
1	\\equiv  true (c_{1} (c_{1} (c_{1} x_{114} x_{113}) x_{112}) (c_{1} x_{114} (c_{1} x_{113} x_{112})))	\\xaced00057372001f636f6d2e63616c636c6f6769632e6c616d62646163616c63756c6f2e417070591a7098ae6659070200024c0001707400224c636f6d2f63616c636c6f6769632f6c616d62646163616c63756c6f2f5465726d3b4c00017171007e000178720020636f6d2e63616c636c6f6769632e6c616d62646163616c63756c6f2e5465726de208d6d0046462320200014c0005616c6961737400124c6a6176612f6c616e672f537472696e673b7870707371007e00007073720021636f6d2e63616c636c6f6769632e6c616d62646163616c63756c6f2e436f6e7374b899f1ea3da25d7f02000549000761736f636961745a000b66756e4e6f746174696f6e49000269644900067072656365644c0003636f6e71007e00037871007e000270000000010000000001000000017400075c6571756976207371007e00067000000000000000000000000000740004747275657371007e0000707371007e0000707371007e00067000000003000000000100000001740005635f7b317d7371007e0000707371007e0000707371007e00067000000003000000000100000001740005635f7b317d7371007e0000707371007e0000707371007e00067000000003000000000100000001740005635f7b317d7372001f636f6d2e63616c636c6f6769632e6c616d62646163616c63756c6f2e566172ddee7f7172ac8e37020001490006696e646963657871007e000270000000727371007e001770000000717371007e001770000000707371007e0000707371007e0000707371007e00067000000003000000000100000001740005635f7b317d7371007e001770000000727371007e0000707371007e0000707371007e00067000000003000000000100000001740005635f7b317d7371007e001770000000717371007e00177000000070
2	\\equiv  true (c_{1} (c_{1} x_{112} x_{113}) (c_{1} x_{113} x_{112}))	\\xaced00057372001f636f6d2e63616c636c6f6769632e6c616d62646163616c63756c6f2e417070591a7098ae6659070200024c0001707400224c636f6d2f63616c636c6f6769632f6c616d62646163616c63756c6f2f5465726d3b4c00017171007e000178720020636f6d2e63616c636c6f6769632e6c616d62646163616c63756c6f2e5465726de208d6d0046462320200014c0005616c6961737400124c6a6176612f6c616e672f537472696e673b7870707371007e00007073720021636f6d2e63616c636c6f6769632e6c616d62646163616c63756c6f2e436f6e7374b899f1ea3da25d7f02000549000761736f636961745a000b66756e4e6f746174696f6e49000269644900067072656365644c0003636f6e71007e00037871007e000270000000010000000001000000017400075c6571756976207371007e00067000000000000000000000000000740004747275657371007e0000707371007e0000707371007e00067000000003000000000100000001740005635f7b317d7371007e0000707371007e0000707371007e00067000000003000000000100000001740005635f7b317d7372001f636f6d2e63616c636c6f6769632e6c616d62646163616c63756c6f2e566172ddee7f7172ac8e37020001490006696e646963657871007e000270000000707371007e001370000000717371007e0000707371007e0000707371007e00067000000003000000000100000001740005635f7b317d7371007e001370000000717371007e00137000000070
3	\\equiv  true (c_{1} (c_{1} x_{112} (c_{1} x_{113} x_{113})) x_{112})	\\xaced00057372001f636f6d2e63616c636c6f6769632e6c616d62646163616c63756c6f2e417070591a7098ae6659070200024c0001707400224c636f6d2f63616c636c6f6769632f6c616d62646163616c63756c6f2f5465726d3b4c00017171007e000178720020636f6d2e63616c636c6f6769632e6c616d62646163616c63756c6f2e5465726de208d6d0046462320200014c0005616c6961737400124c6a6176612f6c616e672f537472696e673b7870707371007e00007073720021636f6d2e63616c636c6f6769632e6c616d62646163616c63756c6f2e436f6e7374b899f1ea3da25d7f02000549000761736f636961745a000b66756e4e6f746174696f6e49000269644900067072656365644c0003636f6e71007e00037871007e000270000000010000000001000000017400075c6571756976207371007e00067000000000000000000000000000740004747275657371007e0000707371007e0000707371007e00067000000003000000000100000001740005635f7b317d7371007e0000707371007e0000707371007e00067000000003000000000100000001740005635f7b317d7372001f636f6d2e63616c636c6f6769632e6c616d62646163616c63756c6f2e566172ddee7f7172ac8e37020001490006696e646963657871007e000270000000707371007e0000707371007e0000707371007e00067000000003000000000100000001740005635f7b317d7371007e001370000000717371007e001370000000717371007e00137000000070
4	\\equiv  true (c_{1} (c_{1} (c_{1} x_{112} x_{113}) x_{113}) x_{112})	\\xaced00057372001f636f6d2e63616c636c6f6769632e6c616d62646163616c63756c6f2e417070591a7098ae6659070200024c0001707400224c636f6d2f63616c636c6f6769632f6c616d62646163616c63756c6f2f5465726d3b4c00017171007e000178720020636f6d2e63616c636c6f6769632e6c616d62646163616c63756c6f2e5465726de208d6d0046462320200014c0005616c6961737400124c6a6176612f6c616e672f537472696e673b7870707371007e00007073720021636f6d2e63616c636c6f6769632e6c616d62646163616c63756c6f2e436f6e7374b899f1ea3da25d7f02000549000761736f636961745a000b66756e4e6f746174696f6e49000269644900067072656365644c0003636f6e71007e00037871007e000270000000010000000001000000017400075c6571756976207371007e00067000000000000000000000000000740004747275657371007e0000707371007e0000707371007e00067000000003000000000100000001740005635f7b317d7371007e0000707371007e0000707371007e00067000000003000000000100000001740005635f7b317d7371007e0000707371007e0000707371007e00067000000003000000000100000001740005635f7b317d7372001f636f6d2e63616c636c6f6769632e6c616d62646163616c63756c6f2e566172ddee7f7172ac8e37020001490006696e646963657871007e000270000000707371007e001770000000717371007e001770000000717371007e00177000000070
5	\\equiv  true (c_{1} x_{112} (c_{1} x_{113} (c_{1} x_{113} x_{112})))	\\xaced00057372001f636f6d2e63616c636c6f6769632e6c616d62646163616c63756c6f2e417070591a7098ae6659070200024c0001707400224c636f6d2f63616c636c6f6769632f6c616d62646163616c63756c6f2f5465726d3b4c00017171007e000178720020636f6d2e63616c636c6f6769632e6c616d62646163616c63756c6f2e5465726de208d6d0046462320200014c0005616c6961737400124c6a6176612f6c616e672f537472696e673b7870707371007e00007073720021636f6d2e63616c636c6f6769632e6c616d62646163616c63756c6f2e436f6e7374b899f1ea3da25d7f02000549000761736f636961745a000b66756e4e6f746174696f6e49000269644900067072656365644c0003636f6e71007e00037871007e000270000000010000000001000000017400075c6571756976207371007e00067000000000000000000000000000740004747275657371007e0000707371007e0000707371007e00067000000003000000000100000001740005635f7b317d7372001f636f6d2e63616c636c6f6769632e6c616d62646163616c63756c6f2e566172ddee7f7172ac8e37020001490006696e646963657871007e000270000000707371007e0000707371007e0000707371007e00067000000003000000000100000001740005635f7b317d7371007e000f70000000717371007e0000707371007e0000707371007e00067000000003000000000100000001740005635f7b317d7371007e000f70000000717371007e000f7000000070
6	\\equiv  true (c_{1} x_{112} (c_{1} (c_{1} x_{113} x_{113}) x_{112}))	\\xaced00057372001f636f6d2e63616c636c6f6769632e6c616d62646163616c63756c6f2e417070591a7098ae6659070200024c0001707400224c636f6d2f63616c636c6f6769632f6c616d62646163616c63756c6f2f5465726d3b4c00017171007e000178720020636f6d2e63616c636c6f6769632e6c616d62646163616c63756c6f2e5465726de208d6d0046462320200014c0005616c6961737400124c6a6176612f6c616e672f537472696e673b7870707371007e00007073720021636f6d2e63616c636c6f6769632e6c616d62646163616c63756c6f2e436f6e7374b899f1ea3da25d7f02000549000761736f636961745a000b66756e4e6f746174696f6e49000269644900067072656365644c0003636f6e71007e00037871007e000270000000010000000001000000017400075c6571756976207371007e00067000000000000000000000000000740004747275657371007e0000707371007e0000707371007e00067000000003000000000100000001740005635f7b317d7372001f636f6d2e63616c636c6f6769632e6c616d62646163616c63756c6f2e566172ddee7f7172ac8e37020001490006696e646963657871007e000270000000707371007e0000707371007e0000707371007e00067000000003000000000100000001740005635f7b317d7371007e0000707371007e0000707371007e00067000000003000000000100000001740005635f7b317d7371007e000f70000000717371007e000f70000000717371007e000f7000000070
7	\\equiv  true (c_{1} (c_{1} x_{113} x_{113}) c_{8})	\\xaced00057372001f636f6d2e63616c636c6f6769632e6c616d62646163616c63756c6f2e417070591a7098ae6659070200024c0001707400224c636f6d2f63616c636c6f6769632f6c616d62646163616c63756c6f2f5465726d3b4c00017171007e000178720020636f6d2e63616c636c6f6769632e6c616d62646163616c63756c6f2e5465726de208d6d0046462320200014c0005616c6961737400124c6a6176612f6c616e672f537472696e673b7870707371007e00007073720021636f6d2e63616c636c6f6769632e6c616d62646163616c63756c6f2e436f6e7374b899f1ea3da25d7f02000549000761736f636961745a000b66756e4e6f746174696f6e49000269644900067072656365644c0003636f6e71007e00037871007e000270000000010000000001000000017400075c6571756976207371007e00067000000000000000000000000000740004747275657371007e0000707371007e0000707371007e00067000000003000000000100000001740005635f7b317d7371007e0000707371007e0000707371007e00067000000003000000000100000001740005635f7b317d7372001f636f6d2e63616c636c6f6769632e6c616d62646163616c63756c6f2e566172ddee7f7172ac8e37020001490006696e646963657871007e000270000000717371007e001370000000717371007e00067000000000010000000800000000740005635f7b387d
8	\\equiv  true (c_{1} x_{113} (c_{1} x_{113} c_{8}))	\\xaced00057372001f636f6d2e63616c636c6f6769632e6c616d62646163616c63756c6f2e417070591a7098ae6659070200024c0001707400224c636f6d2f63616c636c6f6769632f6c616d62646163616c63756c6f2f5465726d3b4c00017171007e000178720020636f6d2e63616c636c6f6769632e6c616d62646163616c63756c6f2e5465726de208d6d0046462320200014c0005616c6961737400124c6a6176612f6c616e672f537472696e673b7870707371007e00007073720021636f6d2e63616c636c6f6769632e6c616d62646163616c63756c6f2e436f6e7374b899f1ea3da25d7f02000549000761736f636961745a000b66756e4e6f746174696f6e49000269644900067072656365644c0003636f6e71007e00037871007e000270000000010000000001000000017400075c6571756976207371007e00067000000000000000000000000000740004747275657371007e0000707371007e0000707371007e00067000000003000000000100000001740005635f7b317d7372001f636f6d2e63616c636c6f6769632e6c616d62646163616c63756c6f2e566172ddee7f7172ac8e37020001490006696e646963657871007e000270000000717371007e0000707371007e0000707371007e00067000000003000000000100000001740005635f7b317d7371007e000f70000000717371007e00067000000000010000000800000000740005635f7b387d
9	\\equiv  true c_{8}	\\xaced00057372001f636f6d2e63616c636c6f6769632e6c616d62646163616c63756c6f2e417070591a7098ae6659070200024c0001707400224c636f6d2f63616c636c6f6769632f6c616d62646163616c63756c6f2f5465726d3b4c00017171007e000178720020636f6d2e63616c636c6f6769632e6c616d62646163616c63756c6f2e5465726de208d6d0046462320200014c0005616c6961737400124c6a6176612f6c616e672f537472696e673b7870707371007e00007073720021636f6d2e63616c636c6f6769632e6c616d62646163616c63756c6f2e436f6e7374b899f1ea3da25d7f02000549000761736f636961745a000b66756e4e6f746174696f6e49000269644900067072656365644c0003636f6e71007e00037871007e000270000000010000000001000000017400075c6571756976207371007e00067000000000000000000000000000740004747275657371007e00067000000000010000000800000000740005635f7b387d
10	\\equiv  true (c_{1} x_{112} x_{112})	\\xaced00057372001f636f6d2e63616c636c6f6769632e6c616d62646163616c63756c6f2e417070591a7098ae6659070200024c0001707400224c636f6d2f63616c636c6f6769632f6c616d62646163616c63756c6f2f5465726d3b4c00017171007e000178720020636f6d2e63616c636c6f6769632e6c616d62646163616c63756c6f2e5465726de208d6d0046462320200014c0005616c6961737400124c6a6176612f6c616e672f537472696e673b7870707371007e00007073720021636f6d2e63616c636c6f6769632e6c616d62646163616c63756c6f2e436f6e7374b899f1ea3da25d7f02000549000761736f636961745a000b66756e4e6f746174696f6e49000269644900067072656365644c0003636f6e71007e00037871007e000270000000010000000001000000017400075c6571756976207371007e00067000000000000000000000000000740004747275657371007e0000707371007e0000707371007e00067000000003000000000100000001740005635f7b317d7372001f636f6d2e63616c636c6f6769632e6c616d62646163616c63756c6f2e566172ddee7f7172ac8e37020001490006696e646963657871007e000270000000707371007e000f7000000070
11	\\equiv  true (c_{1} (c_{7} c_{8}) c_{9})	\\xaced00057372001f636f6d2e63616c636c6f6769632e6c616d62646163616c63756c6f2e417070591a7098ae6659070200024c0001707400224c636f6d2f63616c636c6f6769632f6c616d62646163616c63756c6f2f5465726d3b4c00017171007e000178720020636f6d2e63616c636c6f6769632e6c616d62646163616c63756c6f2e5465726de208d6d0046462320200014c0005616c6961737400124c6a6176612f6c616e672f537472696e673b7870707371007e00007073720021636f6d2e63616c636c6f6769632e6c616d62646163616c63756c6f2e436f6e7374b899f1ea3da25d7f02000549000761736f636961745a000b66756e4e6f746174696f6e49000269644900067072656365644c0003636f6e71007e00037871007e000270000000010000000001000000017400075c6571756976207371007e00067000000000000000000000000000740004747275657371007e0000707371007e0000707371007e00067000000003000000000100000001740005635f7b317d7371007e0000707371007e00067000000001010000000700000005740005635f7b377d7371007e00067000000000010000000800000000740005635f7b387d7371007e00067000000000010000000900000000740005635f7b397d
12	\\equiv  true (c_{1} (c_{1} x_{113} (c_{7} x_{112})) (c_{7} (c_{1} x_{113} x_{112})))	\\xaced00057372001f636f6d2e63616c636c6f6769632e6c616d62646163616c63756c6f2e417070591a7098ae6659070200024c0001707400224c636f6d2f63616c636c6f6769632f6c616d62646163616c63756c6f2f5465726d3b4c00017171007e000178720020636f6d2e63616c636c6f6769632e6c616d62646163616c63756c6f2e5465726de208d6d0046462320200014c0005616c6961737400124c6a6176612f6c616e672f537472696e673b7870707371007e00007073720021636f6d2e63616c636c6f6769632e6c616d62646163616c63756c6f2e436f6e7374b899f1ea3da25d7f02000549000761736f636961745a000b66756e4e6f746174696f6e49000269644900067072656365644c0003636f6e71007e00037871007e000270000000010000000001000000017400075c6571756976207371007e00067000000000000000000000000000740004747275657371007e0000707371007e0000707371007e00067000000003000000000100000001740005635f7b317d7371007e0000707371007e0000707371007e00067000000003000000000100000001740005635f7b317d7372001f636f6d2e63616c636c6f6769632e6c616d62646163616c63756c6f2e566172ddee7f7172ac8e37020001490006696e646963657871007e000270000000717371007e0000707371007e00067000000001010000000700000005740005635f7b377d7371007e001370000000707371007e0000707371007e00067000000001010000000700000005740005635f7b377d7371007e0000707371007e0000707371007e00067000000003000000000100000001740005635f7b317d7371007e001370000000717371007e00137000000070
13	\\equiv  true (c_{1} (c_{7} (c_{1} x_{113} x_{112})) (c_{6} x_{113} x_{112}))	\\xaced00057372001f636f6d2e63616c636c6f6769632e6c616d62646163616c63756c6f2e417070591a7098ae6659070200024c0001707400224c636f6d2f63616c636c6f6769632f6c616d62646163616c63756c6f2f5465726d3b4c00017171007e000178720020636f6d2e63616c636c6f6769632e6c616d62646163616c63756c6f2e5465726de208d6d0046462320200014c0005616c6961737400124c6a6176612f6c616e672f537472696e673b7870707371007e00007073720021636f6d2e63616c636c6f6769632e6c616d62646163616c63756c6f2e436f6e7374b899f1ea3da25d7f02000549000761736f636961745a000b66756e4e6f746174696f6e49000269644900067072656365644c0003636f6e71007e00037871007e000270000000010000000001000000017400075c6571756976207371007e00067000000000000000000000000000740004747275657371007e0000707371007e0000707371007e00067000000003000000000100000001740005635f7b317d7371007e0000707371007e00067000000001010000000700000005740005635f7b377d7371007e0000707371007e0000707371007e00067000000003000000000100000001740005635f7b317d7372001f636f6d2e63616c636c6f6769632e6c616d62646163616c63756c6f2e566172ddee7f7172ac8e37020001490006696e646963657871007e000270000000717371007e001670000000707371007e0000707371007e0000707371007e00067000000003000000000600000004740005635f7b367d7371007e001670000000717371007e00167000000070
14	\\equiv  true (c_{1} (c_{1} (c_{7} x_{113}) x_{112}) (c_{1} x_{113} (c_{7} x_{112})))	\\xaced00057372001f636f6d2e63616c636c6f6769632e6c616d62646163616c63756c6f2e417070591a7098ae6659070200024c0001707400224c636f6d2f63616c636c6f6769632f6c616d62646163616c63756c6f2f5465726d3b4c00017171007e000178720020636f6d2e63616c636c6f6769632e6c616d62646163616c63756c6f2e5465726de208d6d0046462320200014c0005616c6961737400124c6a6176612f6c616e672f537472696e673b7870707371007e00007073720021636f6d2e63616c636c6f6769632e6c616d62646163616c63756c6f2e436f6e7374b899f1ea3da25d7f02000549000761736f636961745a000b66756e4e6f746174696f6e49000269644900067072656365644c0003636f6e71007e00037871007e000270000000010000000001000000017400075c6571756976207371007e00067000000000000000000000000000740004747275657371007e0000707371007e0000707371007e00067000000003000000000100000001740005635f7b317d7371007e0000707371007e0000707371007e00067000000003000000000100000001740005635f7b317d7371007e0000707371007e00067000000001010000000700000005740005635f7b377d7372001f636f6d2e63616c636c6f6769632e6c616d62646163616c63756c6f2e566172ddee7f7172ac8e37020001490006696e646963657871007e000270000000717371007e001670000000707371007e0000707371007e0000707371007e00067000000003000000000100000001740005635f7b317d7371007e001670000000717371007e0000707371007e00067000000001010000000700000005740005635f7b377d7371007e00167000000070
15	\\equiv  true (c_{1} x_{112} (c_{7} (c_{7} x_{112})))	\\xaced00057372001f636f6d2e63616c636c6f6769632e6c616d62646163616c63756c6f2e417070591a7098ae6659070200024c0001707400224c636f6d2f63616c636c6f6769632f6c616d62646163616c63756c6f2f5465726d3b4c00017171007e000178720020636f6d2e63616c636c6f6769632e6c616d62646163616c63756c6f2e5465726de208d6d0046462320200014c0005616c6961737400124c6a6176612f6c616e672f537472696e673b7870707371007e00007073720021636f6d2e63616c636c6f6769632e6c616d62646163616c63756c6f2e436f6e7374b899f1ea3da25d7f02000549000761736f636961745a000b66756e4e6f746174696f6e49000269644900067072656365644c0003636f6e71007e00037871007e000270000000010000000001000000017400075c6571756976207371007e00067000000000000000000000000000740004747275657371007e0000707371007e0000707371007e00067000000003000000000100000001740005635f7b317d7372001f636f6d2e63616c636c6f6769632e6c616d62646163616c63756c6f2e566172ddee7f7172ac8e37020001490006696e646963657871007e000270000000707371007e0000707371007e00067000000001010000000700000005740005635f7b377d7371007e0000707371007e00067000000001010000000700000005740005635f7b377d7371007e000f7000000070
16	\\equiv  true (c_{1} c_{8} (c_{7} c_{9}))	\\xaced00057372001f636f6d2e63616c636c6f6769632e6c616d62646163616c63756c6f2e417070591a7098ae6659070200024c0001707400224c636f6d2f63616c636c6f6769632f6c616d62646163616c63756c6f2f5465726d3b4c00017171007e000178720020636f6d2e63616c636c6f6769632e6c616d62646163616c63756c6f2e5465726de208d6d0046462320200014c0005616c6961737400124c6a6176612f6c616e672f537472696e673b7870707371007e00007073720021636f6d2e63616c636c6f6769632e6c616d62646163616c63756c6f2e436f6e7374b899f1ea3da25d7f02000549000761736f636961745a000b66756e4e6f746174696f6e49000269644900067072656365644c0003636f6e71007e00037871007e000270000000010000000001000000017400075c6571756976207371007e00067000000000000000000000000000740004747275657371007e0000707371007e0000707371007e00067000000003000000000100000001740005635f7b317d7371007e00067000000000010000000800000000740005635f7b387d7371007e0000707371007e00067000000001010000000700000005740005635f7b377d7371007e00067000000000010000000900000000740005635f7b397d
17	\\equiv  true (c_{1} (c_{1} x_{113} (c_{7} x_{112})) (c_{6} x_{113} x_{112}))	\\xaced00057372001f636f6d2e63616c636c6f6769632e6c616d62646163616c63756c6f2e417070591a7098ae6659070200024c0001707400224c636f6d2f63616c636c6f6769632f6c616d62646163616c63756c6f2f5465726d3b4c00017171007e000178720020636f6d2e63616c636c6f6769632e6c616d62646163616c63756c6f2e5465726de208d6d0046462320200014c0005616c6961737400124c6a6176612f6c616e672f537472696e673b7870707371007e00007073720021636f6d2e63616c636c6f6769632e6c616d62646163616c63756c6f2e436f6e7374b899f1ea3da25d7f02000549000761736f636961745a000b66756e4e6f746174696f6e49000269644900067072656365644c0003636f6e71007e00037871007e000270000000010000000001000000017400075c6571756976207371007e00067000000000000000000000000000740004747275657371007e0000707371007e0000707371007e00067000000003000000000100000001740005635f7b317d7371007e0000707371007e0000707371007e00067000000003000000000100000001740005635f7b317d7372001f636f6d2e63616c636c6f6769632e6c616d62646163616c63756c6f2e566172ddee7f7172ac8e37020001490006696e646963657871007e000270000000717371007e0000707371007e00067000000001010000000700000005740005635f7b377d7371007e001370000000707371007e0000707371007e0000707371007e00067000000003000000000600000004740005635f7b367d7371007e001370000000717371007e00137000000070
18	\\equiv  true (c_{1} (c_{1} c_{9} x_{112}) (c_{7} x_{112}))	\\xaced00057372001f636f6d2e63616c636c6f6769632e6c616d62646163616c63756c6f2e417070591a7098ae6659070200024c0001707400224c636f6d2f63616c636c6f6769632f6c616d62646163616c63756c6f2f5465726d3b4c00017171007e000178720020636f6d2e63616c636c6f6769632e6c616d62646163616c63756c6f2e5465726de208d6d0046462320200014c0005616c6961737400124c6a6176612f6c616e672f537472696e673b7870707371007e00007073720021636f6d2e63616c636c6f6769632e6c616d62646163616c63756c6f2e436f6e7374b899f1ea3da25d7f02000549000761736f636961745a000b66756e4e6f746174696f6e49000269644900067072656365644c0003636f6e71007e00037871007e000270000000010000000001000000017400075c6571756976207371007e00067000000000000000000000000000740004747275657371007e0000707371007e0000707371007e00067000000003000000000100000001740005635f7b317d7371007e0000707371007e0000707371007e00067000000003000000000100000001740005635f7b317d7371007e00067000000000010000000900000000740005635f7b397d7372001f636f6d2e63616c636c6f6769632e6c616d62646163616c63756c6f2e566172ddee7f7172ac8e37020001490006696e646963657871007e000270000000707371007e0000707371007e00067000000001010000000700000005740005635f7b377d7371007e00157000000070
19	\\equiv  true (c_{1} (c_{6} x_{112} x_{113}) (c_{6} x_{113} x_{112}))	\\xaced00057372001f636f6d2e63616c636c6f6769632e6c616d62646163616c63756c6f2e417070591a7098ae6659070200024c0001707400224c636f6d2f63616c636c6f6769632f6c616d62646163616c63756c6f2f5465726d3b4c00017171007e000178720020636f6d2e63616c636c6f6769632e6c616d62646163616c63756c6f2e5465726de208d6d0046462320200014c0005616c6961737400124c6a6176612f6c616e672f537472696e673b7870707371007e00007073720021636f6d2e63616c636c6f6769632e6c616d62646163616c63756c6f2e436f6e7374b899f1ea3da25d7f02000549000761736f636961745a000b66756e4e6f746174696f6e49000269644900067072656365644c0003636f6e71007e00037871007e000270000000010000000001000000017400075c6571756976207371007e00067000000000000000000000000000740004747275657371007e0000707371007e0000707371007e00067000000003000000000100000001740005635f7b317d7371007e0000707371007e0000707371007e00067000000003000000000600000004740005635f7b367d7372001f636f6d2e63616c636c6f6769632e6c616d62646163616c63756c6f2e566172ddee7f7172ac8e37020001490006696e646963657871007e000270000000707371007e001370000000717371007e0000707371007e0000707371007e00067000000003000000000600000004740005635f7b367d7371007e001370000000717371007e00137000000070
20	\\equiv  true (c_{1} (c_{6} (c_{6} x_{114} x_{113}) x_{112}) (c_{6} x_{114} (c_{6} x_{113} x_{112})))	\\xaced00057372001f636f6d2e63616c636c6f6769632e6c616d62646163616c63756c6f2e417070591a7098ae6659070200024c0001707400224c636f6d2f63616c636c6f6769632f6c616d62646163616c63756c6f2f5465726d3b4c00017171007e000178720020636f6d2e63616c636c6f6769632e6c616d62646163616c63756c6f2e5465726de208d6d0046462320200014c0005616c6961737400124c6a6176612f6c616e672f537472696e673b7870707371007e00007073720021636f6d2e63616c636c6f6769632e6c616d62646163616c63756c6f2e436f6e7374b899f1ea3da25d7f02000549000761736f636961745a000b66756e4e6f746174696f6e49000269644900067072656365644c0003636f6e71007e00037871007e000270000000010000000001000000017400075c6571756976207371007e00067000000000000000000000000000740004747275657371007e0000707371007e0000707371007e00067000000003000000000100000001740005635f7b317d7371007e0000707371007e0000707371007e00067000000003000000000600000004740005635f7b367d7371007e0000707371007e0000707371007e00067000000003000000000600000004740005635f7b367d7372001f636f6d2e63616c636c6f6769632e6c616d62646163616c63756c6f2e566172ddee7f7172ac8e37020001490006696e646963657871007e000270000000727371007e001770000000717371007e001770000000707371007e0000707371007e0000707371007e00067000000003000000000600000004740005635f7b367d7371007e001770000000727371007e0000707371007e0000707371007e00067000000003000000000600000004740005635f7b367d7371007e001770000000717371007e00177000000070
21	\\equiv  true (c_{1} (c_{6} (c_{1} x_{114} x_{113}) x_{112}) (c_{1} x_{114} (c_{6} x_{113} x_{112})))	\\xaced00057372001f636f6d2e63616c636c6f6769632e6c616d62646163616c63756c6f2e417070591a7098ae6659070200024c0001707400224c636f6d2f63616c636c6f6769632f6c616d62646163616c63756c6f2f5465726d3b4c00017171007e000178720020636f6d2e63616c636c6f6769632e6c616d62646163616c63756c6f2e5465726de208d6d0046462320200014c0005616c6961737400124c6a6176612f6c616e672f537472696e673b7870707371007e00007073720021636f6d2e63616c636c6f6769632e6c616d62646163616c63756c6f2e436f6e7374b899f1ea3da25d7f02000549000761736f636961745a000b66756e4e6f746174696f6e49000269644900067072656365644c0003636f6e71007e00037871007e000270000000010000000001000000017400075c6571756976207371007e00067000000000000000000000000000740004747275657371007e0000707371007e0000707371007e00067000000003000000000100000001740005635f7b317d7371007e0000707371007e0000707371007e00067000000003000000000600000004740005635f7b367d7371007e0000707371007e0000707371007e00067000000003000000000100000001740005635f7b317d7372001f636f6d2e63616c636c6f6769632e6c616d62646163616c63756c6f2e566172ddee7f7172ac8e37020001490006696e646963657871007e000270000000727371007e001770000000717371007e001770000000707371007e0000707371007e0000707371007e00067000000003000000000100000001740005635f7b317d7371007e001770000000727371007e0000707371007e0000707371007e00067000000003000000000600000004740005635f7b367d7371007e001770000000717371007e00177000000070
22	\\equiv  true (c_{1} (c_{1} (c_{6} x_{114} x_{113}) x_{112}) (c_{1} x_{114} (c_{6} x_{113} x_{112})))	\\xaced00057372001f636f6d2e63616c636c6f6769632e6c616d62646163616c63756c6f2e417070591a7098ae6659070200024c0001707400224c636f6d2f63616c636c6f6769632f6c616d62646163616c63756c6f2f5465726d3b4c00017171007e000178720020636f6d2e63616c636c6f6769632e6c616d62646163616c63756c6f2e5465726de208d6d0046462320200014c0005616c6961737400124c6a6176612f6c616e672f537472696e673b7870707371007e00007073720021636f6d2e63616c636c6f6769632e6c616d62646163616c63756c6f2e436f6e7374b899f1ea3da25d7f02000549000761736f636961745a000b66756e4e6f746174696f6e49000269644900067072656365644c0003636f6e71007e00037871007e000270000000010000000001000000017400075c6571756976207371007e00067000000000000000000000000000740004747275657371007e0000707371007e0000707371007e00067000000003000000000100000001740005635f7b317d7371007e0000707371007e0000707371007e00067000000003000000000100000001740005635f7b317d7371007e0000707371007e0000707371007e00067000000003000000000600000004740005635f7b367d7372001f636f6d2e63616c636c6f6769632e6c616d62646163616c63756c6f2e566172ddee7f7172ac8e37020001490006696e646963657871007e000270000000727371007e001770000000717371007e001770000000707371007e0000707371007e0000707371007e00067000000003000000000100000001740005635f7b317d7371007e001770000000727371007e0000707371007e0000707371007e00067000000003000000000600000004740005635f7b367d7371007e001770000000717371007e00177000000070
23	\\equiv  true (c_{1} (c_{4} x_{112} x_{113}) (c_{4} x_{113} x_{112}))	\\xaced00057372001f636f6d2e63616c636c6f6769632e6c616d62646163616c63756c6f2e417070591a7098ae6659070200024c0001707400224c636f6d2f63616c636c6f6769632f6c616d62646163616c63756c6f2f5465726d3b4c00017171007e000178720020636f6d2e63616c636c6f6769632e6c616d62646163616c63756c6f2e5465726de208d6d0046462320200014c0005616c6961737400124c6a6176612f6c616e672f537472696e673b7870707371007e00007073720021636f6d2e63616c636c6f6769632e6c616d62646163616c63756c6f2e436f6e7374b899f1ea3da25d7f02000549000761736f636961745a000b66756e4e6f746174696f6e49000269644900067072656365644c0003636f6e71007e00037871007e000270000000010000000001000000017400075c6571756976207371007e00067000000000000000000000000000740004747275657371007e0000707371007e0000707371007e00067000000003000000000100000001740005635f7b317d7371007e0000707371007e0000707371007e00067000000002000000000400000003740005635f7b347d7372001f636f6d2e63616c636c6f6769632e6c616d62646163616c63756c6f2e566172ddee7f7172ac8e37020001490006696e646963657871007e000270000000707371007e001370000000717371007e0000707371007e0000707371007e00067000000002000000000400000003740005635f7b347d7371007e001370000000717371007e00137000000070
24	\\equiv  true (c_{1} (c_{4} (c_{4} x_{114} x_{113}) x_{112}) (c_{4} x_{114} (c_{4} x_{113} x_{112})))	\\xaced00057372001f636f6d2e63616c636c6f6769632e6c616d62646163616c63756c6f2e417070591a7098ae6659070200024c0001707400224c636f6d2f63616c636c6f6769632f6c616d62646163616c63756c6f2f5465726d3b4c00017171007e000178720020636f6d2e63616c636c6f6769632e6c616d62646163616c63756c6f2e5465726de208d6d0046462320200014c0005616c6961737400124c6a6176612f6c616e672f537472696e673b7870707371007e00007073720021636f6d2e63616c636c6f6769632e6c616d62646163616c63756c6f2e436f6e7374b899f1ea3da25d7f02000549000761736f636961745a000b66756e4e6f746174696f6e49000269644900067072656365644c0003636f6e71007e00037871007e000270000000010000000001000000017400075c6571756976207371007e00067000000000000000000000000000740004747275657371007e0000707371007e0000707371007e00067000000003000000000100000001740005635f7b317d7371007e0000707371007e0000707371007e00067000000002000000000400000003740005635f7b347d7371007e0000707371007e0000707371007e00067000000002000000000400000003740005635f7b347d7372001f636f6d2e63616c636c6f6769632e6c616d62646163616c63756c6f2e566172ddee7f7172ac8e37020001490006696e646963657871007e000270000000727371007e001770000000717371007e001770000000707371007e0000707371007e0000707371007e00067000000002000000000400000003740005635f7b347d7371007e001770000000727371007e0000707371007e0000707371007e00067000000002000000000400000003740005635f7b347d7371007e001770000000717371007e00177000000070
\.


--
-- Name: metateorema_id_seq; Type: SEQUENCE SET; Schema: userdb; Owner: userdb
--

SELECT pg_catalog.setval('userdb.metateorema_id_seq', 1, false);


--
-- Data for Name: mostrarcategoria; Type: TABLE DATA; Schema: userdb; Owner: userdb
--

COPY userdb.mostrarcategoria (id, categoriaid, usuariologin) FROM stdin;
4	3	AdminTeoremas
\.


--
-- Name: mostrarcategoria_id_seq; Type: SEQUENCE SET; Schema: userdb; Owner: userdb
--

SELECT pg_catalog.setval('userdb.mostrarcategoria_id_seq', 4, true);


--
-- Data for Name: predicado; Type: TABLE DATA; Schema: userdb; Owner: userdb
--

COPY userdb.predicado (predicado, alias, login, argumentos, aliases, notacion) FROM stdin;
\.


--
-- Data for Name: publicacion; Type: TABLE DATA; Schema: userdb; Owner: userdb
--

COPY userdb.publicacion (alias, login) FROM stdin;
\.


--
-- Data for Name: resuelve; Type: TABLE DATA; Schema: userdb; Owner: userdb
--

COPY userdb.resuelve (id, nombreteorema, numeroteorema, resuelto, loginusuario, teoremaid, categoriaid) FROM stdin;
1	Associativity of $\\equiv$	3.1	t	AdminTeoremas	1	1
2	Symmetry of $\\equiv$	3.2.a	t	AdminTeoremas	2	1
3	Symmetry of $\\equiv$	3.2.b	f	AdminTeoremas	3	1
4	Symmetry of $\\equiv$	3.2.c	f	AdminTeoremas	4	1
5	Symmetry of $\\equiv$	3.2.d	f	AdminTeoremas	5	1
6	Symmetry of $\\equiv$	3.2.e	f	AdminTeoremas	6	1
7	Identity of $\\equiv$	3.3.a	t	AdminTeoremas	7	1
8	Identity of $\\equiv$	3.3.b	f	AdminTeoremas	8	1
9		3.4	f	AdminTeoremas	9	1
10	Reflexivity of $\\equiv$	3.5	f	AdminTeoremas	10	1
11	Definition of $false$	3.8	t	AdminTeoremas	11	2
12	Distributivity of $\\neg$ over $\\equiv$	3.9	t	AdminTeoremas	12	2
13	Definition of $\\not\\equiv$	3.10	t	AdminTeoremas	13	2
14		3.11	f	AdminTeoremas	14	2
15	Double negation	3.12	f	AdminTeoremas	15	2
16	Negation of $false$	3.13	f	AdminTeoremas	16	2
17		3.14	f	AdminTeoremas	17	2
18		3.15	f	AdminTeoremas	18	2
19	Symmetry of $\\not\\equiv$	3.16	f	AdminTeoremas	19	2
20	Associativity of $\\not\\equiv$	3.17	f	AdminTeoremas	20	2
21	Mutual associativity	3.18	f	AdminTeoremas	21	2
22	Mutual interchangeability	3.19	f	AdminTeoremas	22	2
23	Symmetry of $\\vee$	3.24	t	AdminTeoremas	23	3
24	Associativity of $\\vee$	3.25	t	AdminTeoremas	24	3
\.


--
-- Name: resuelve_id_seq; Type: SEQUENCE SET; Schema: userdb; Owner: userdb
--

SELECT pg_catalog.setval('userdb.resuelve_id_seq', 24, true);


--
-- Data for Name: simbolo; Type: TABLE DATA; Schema: userdb; Owner: userdb
--

COPY userdb.simbolo (id, notacion_latex, argumentos, esinfijo, asociatividad, precedencia, notacion, teoriaid) FROM stdin;
7	\\neg	1	f	1	5	%(op) %(aa1)	1
8	true	0	f	0	0	%(op)	1
9	false	0	f	0	0	%(op)	1
3	\\Leftarrow	2	t	2	2	%(aa2) %(op) %(aa1)	1
2	\\Rightarrow	2	t	2	2	%(aa2) %(op) %(aa1)	1
10		2	f	3	7	%(a1)^z_{%(na2)}	1
1	\\equiv	2	t	3	1	%(a2) %(op) %(a1)	1
6	\\not\\equiv	2	t	3	4	%(a2) %(op) %(a1)	1
4	\\vee	2	t	3	3	%(a2) %(op) %(a1)	1
5	\\wedge	2	t	3	3	%(a2) %(op) %(a1)	1
\.


--
-- Name: simbolo_id_seq; Type: SEQUENCE SET; Schema: userdb; Owner: userdb
--

SELECT pg_catalog.setval('userdb.simbolo_id_seq', 10, true);


--
-- Data for Name: solucion; Type: TABLE DATA; Schema: userdb; Owner: userdb
--

COPY userdb.solucion (id, resuelveid, resuelto, demostracion, metodo) FROM stdin;
\.


--
-- Name: solucion_id_seq; Type: SEQUENCE SET; Schema: userdb; Owner: userdb
--

SELECT pg_catalog.setval('userdb.solucion_id_seq', 1, false);


--
-- Data for Name: teorema; Type: TABLE DATA; Schema: userdb; Owner: userdb
--

COPY userdb.teorema (id, enunciado, esquema, aliases) FROM stdin;
1	c_{1} (c_{1} (c_{1} x_{114} x_{113}) x_{112}) (c_{1} x_{114} (c_{1} x_{113} x_{112}))	f	
2	c_{1} (c_{1} x_{112} x_{113}) (c_{1} x_{113} x_{112})	f	
3	c_{1} (c_{1} x_{112} (c_{1} x_{113} x_{113})) x_{112}	f	
4	c_{1} (c_{1} (c_{1} x_{112} x_{113}) x_{113}) x_{112}	f	
5	c_{1} x_{112} (c_{1} x_{113} (c_{1} x_{113} x_{112}))	f	
6	c_{1} x_{112} (c_{1} (c_{1} x_{113} x_{113}) x_{112})	f	
7	c_{1} (c_{1} x_{113} x_{113}) c_{8}	f	
8	c_{1} x_{113} (c_{1} x_{113} c_{8})	f	
9	c_{8}	f	
10	c_{1} x_{112} x_{112}	f	
11	c_{1} (c_{7} c_{8}) c_{9}	f	
12	c_{1} (c_{1} x_{113} (c_{7} x_{112})) (c_{7} (c_{1} x_{113} x_{112}))	f	
13	c_{1} (c_{7} (c_{1} x_{113} x_{112})) (c_{6} x_{113} x_{112})	f	
14	c_{1} (c_{1} (c_{7} x_{113}) x_{112}) (c_{1} x_{113} (c_{7} x_{112}))	f	
15	c_{1} x_{112} (c_{7} (c_{7} x_{112}))	f	
16	c_{1} c_{8} (c_{7} c_{9})	f	
17	c_{1} (c_{1} x_{113} (c_{7} x_{112})) (c_{6} x_{113} x_{112})	f	
18	c_{1} (c_{1} c_{9} x_{112}) (c_{7} x_{112})	f	
19	c_{1} (c_{6} x_{112} x_{113}) (c_{6} x_{113} x_{112})	f	
20	c_{1} (c_{6} (c_{6} x_{114} x_{113}) x_{112}) (c_{6} x_{114} (c_{6} x_{113} x_{112}))	f	
21	c_{1} (c_{6} (c_{1} x_{114} x_{113}) x_{112}) (c_{1} x_{114} (c_{6} x_{113} x_{112}))	f	
22	c_{1} (c_{1} (c_{6} x_{114} x_{113}) x_{112}) (c_{1} x_{114} (c_{6} x_{113} x_{112}))	f	
23	c_{1} (c_{4} x_{112} x_{113}) (c_{4} x_{113} x_{112})	f	
24	c_{1} (c_{4} (c_{4} x_{114} x_{113}) x_{112}) (c_{4} x_{114} (c_{4} x_{113} x_{112}))	f	
\.


--
-- Name: teorema_id_seq; Type: SEQUENCE SET; Schema: userdb; Owner: userdb
--

SELECT pg_catalog.setval('userdb.teorema_id_seq', 24, true);


--
-- Data for Name: teoria; Type: TABLE DATA; Schema: userdb; Owner: userdb
--

COPY userdb.teoria (id, nombre) FROM stdin;
1	L贸gica proposicional
\.


--
-- Name: teoria_id_seq; Type: SEQUENCE SET; Schema: userdb; Owner: userdb
--

SELECT pg_catalog.setval('userdb.teoria_id_seq', 1, false);


--
-- Data for Name: termino; Type: TABLE DATA; Schema: userdb; Owner: userdb
--

COPY userdb.termino (combinador, serializado, alias, login) FROM stdin;
\.


--
-- Data for Name: usuario; Type: TABLE DATA; Schema: userdb; Owner: userdb
--

COPY userdb.usuario (login, nombre, apellido, correo, password, materiaid, admin) FROM stdin;
admin	Admin	Admin	correodem@asiado.falso	1f0d65c78b2350520c7bb6409104226063e3d9b05cb0a31ba497f489f98ef6bb8c92cd81ba298543d4fb1b293e139d12f4a7110adb157c75075d8a582e1fe97d	1	t
AdminTeoremas	Admin	Teoremas	admin@teoremas.gries	4b39bf2b2076bb3aec161cfd09ca0614a65f3c0adadb80ff443b8434237ad0a2745018653685a9811f2335dd0b314427ff7568592cd3856ef67ddb0315da4627	1	t
\.


--
-- Name: categoria categoria_PK; Type: CONSTRAINT; Schema: userdb; Owner: userdb
--

ALTER TABLE ONLY userdb.categoria
    ADD CONSTRAINT "categoria_PK" PRIMARY KEY (id);


--
-- Name: categoria categoria_UNIQUE; Type: CONSTRAINT; Schema: userdb; Owner: userdb
--

ALTER TABLE ONLY userdb.categoria
    ADD CONSTRAINT "categoria_UNIQUE" UNIQUE (nombre);


--
-- Name: dispone dispone_PK; Type: CONSTRAINT; Schema: userdb; Owner: userdb
--

ALTER TABLE ONLY userdb.dispone
    ADD CONSTRAINT "dispone_PK" PRIMARY KEY (id);


--
-- Name: dispone dispone_metateorema_y_usuario_UNIQUE; Type: CONSTRAINT; Schema: userdb; Owner: userdb
--

ALTER TABLE ONLY userdb.dispone
    ADD CONSTRAINT "dispone_metateorema_y_usuario_UNIQUE" UNIQUE (loginusuario, metateoremaid);


--
-- Name: materia materia_PK; Type: CONSTRAINT; Schema: userdb; Owner: userdb
--

ALTER TABLE ONLY userdb.materia
    ADD CONSTRAINT "materia_PK" PRIMARY KEY (id);


--
-- Name: materia materia_UNIQUE; Type: CONSTRAINT; Schema: userdb; Owner: userdb
--

ALTER TABLE ONLY userdb.materia
    ADD CONSTRAINT "materia_UNIQUE" UNIQUE (nombre);


--
-- Name: metateorema metateorema_PK; Type: CONSTRAINT; Schema: userdb; Owner: userdb
--

ALTER TABLE ONLY userdb.metateorema
    ADD CONSTRAINT "metateorema_PK" PRIMARY KEY (id);


--
-- Name: mostrarcategoria mostrarCategoria_PK; Type: CONSTRAINT; Schema: userdb; Owner: userdb
--

ALTER TABLE ONLY userdb.mostrarcategoria
    ADD CONSTRAINT "mostrarCategoria_PK" PRIMARY KEY (id);


--
-- Name: predicado predicado_PK; Type: CONSTRAINT; Schema: userdb; Owner: userdb
--

ALTER TABLE ONLY userdb.predicado
    ADD CONSTRAINT "predicado_PK" PRIMARY KEY (alias, login);


--
-- Name: predicado predicado_alias_UNIQUE; Type: CONSTRAINT; Schema: userdb; Owner: userdb
--

ALTER TABLE ONLY userdb.predicado
    ADD CONSTRAINT "predicado_alias_UNIQUE" UNIQUE (predicado, login);


--
-- Name: resuelve resuelve_PK; Type: CONSTRAINT; Schema: userdb; Owner: userdb
--

ALTER TABLE ONLY userdb.resuelve
    ADD CONSTRAINT "resuelve_PK" PRIMARY KEY (id);


--
-- Name: resuelve resuelve_teorema_y_usuario_UNIQUE; Type: CONSTRAINT; Schema: userdb; Owner: userdb
--

ALTER TABLE ONLY userdb.resuelve
    ADD CONSTRAINT "resuelve_teorema_y_usuario_UNIQUE" UNIQUE (loginusuario, teoremaid);


--
-- Name: simbolo simbolo_pk; Type: CONSTRAINT; Schema: userdb; Owner: userdb
--

ALTER TABLE ONLY userdb.simbolo
    ADD CONSTRAINT simbolo_pk PRIMARY KEY (id);


--
-- Name: solucion solucion_PK; Type: CONSTRAINT; Schema: userdb; Owner: userdb
--

ALTER TABLE ONLY userdb.solucion
    ADD CONSTRAINT "solucion_PK" PRIMARY KEY (id);


--
-- Name: teorema teorema_PK; Type: CONSTRAINT; Schema: userdb; Owner: userdb
--

ALTER TABLE ONLY userdb.teorema
    ADD CONSTRAINT "teorema_PK" PRIMARY KEY (id);


--
-- Name: teoria teoria_pk; Type: CONSTRAINT; Schema: userdb; Owner: userdb
--

ALTER TABLE ONLY userdb.teoria
    ADD CONSTRAINT teoria_pk PRIMARY KEY (id);


--
-- Name: termino termino_PK; Type: CONSTRAINT; Schema: userdb; Owner: userdb
--

ALTER TABLE ONLY userdb.termino
    ADD CONSTRAINT "termino_PK" PRIMARY KEY (alias, login);


--
-- Name: termino termino_UNIQUE; Type: CONSTRAINT; Schema: userdb; Owner: userdb
--

ALTER TABLE ONLY userdb.termino
    ADD CONSTRAINT "termino_UNIQUE" UNIQUE (combinador, login);


--
-- Name: usuario usuario_pk; Type: CONSTRAINT; Schema: userdb; Owner: userdb
--

ALTER TABLE ONLY userdb.usuario
    ADD CONSTRAINT usuario_pk PRIMARY KEY (login);


--
-- Name: resuelve categoria_FK; Type: FK CONSTRAINT; Schema: userdb; Owner: userdb
--

ALTER TABLE ONLY userdb.resuelve
    ADD CONSTRAINT "categoria_FK" FOREIGN KEY (categoriaid) REFERENCES userdb.categoria(id);


--
-- Name: mostrarcategoria categoria_FK; Type: FK CONSTRAINT; Schema: userdb; Owner: userdb
--

ALTER TABLE ONLY userdb.mostrarcategoria
    ADD CONSTRAINT "categoria_FK" FOREIGN KEY (categoriaid) REFERENCES userdb.categoria(id);


--
-- Name: dispone dispone_metateorema_FK; Type: FK CONSTRAINT; Schema: userdb; Owner: userdb
--

ALTER TABLE ONLY userdb.dispone
    ADD CONSTRAINT "dispone_metateorema_FK" FOREIGN KEY (metateoremaid) REFERENCES userdb.metateorema(id);


--
-- Name: dispone dispone_usuario_FK; Type: FK CONSTRAINT; Schema: userdb; Owner: userdb
--

ALTER TABLE ONLY userdb.dispone
    ADD CONSTRAINT "dispone_usuario_FK" FOREIGN KEY (loginusuario) REFERENCES userdb.usuario(login);


--
-- Name: predicado predicado_FK; Type: FK CONSTRAINT; Schema: userdb; Owner: userdb
--

ALTER TABLE ONLY userdb.predicado
    ADD CONSTRAINT "predicado_FK" FOREIGN KEY (login) REFERENCES userdb.usuario(login);


--
-- Name: resuelve resuelve_teorema_FK; Type: FK CONSTRAINT; Schema: userdb; Owner: userdb
--

ALTER TABLE ONLY userdb.resuelve
    ADD CONSTRAINT "resuelve_teorema_FK" FOREIGN KEY (teoremaid) REFERENCES userdb.teorema(id);


--
-- Name: resuelve resuelve_usuario_FK; Type: FK CONSTRAINT; Schema: userdb; Owner: userdb
--

ALTER TABLE ONLY userdb.resuelve
    ADD CONSTRAINT "resuelve_usuario_FK" FOREIGN KEY (loginusuario) REFERENCES userdb.usuario(login);


--
-- Name: solucion solucion_FK; Type: FK CONSTRAINT; Schema: userdb; Owner: userdb
--

ALTER TABLE ONLY userdb.solucion
    ADD CONSTRAINT "solucion_FK" FOREIGN KEY (resuelveid) REFERENCES userdb.resuelve(id);


--
-- Name: simbolo teoria_FK; Type: FK CONSTRAINT; Schema: userdb; Owner: userdb
--

ALTER TABLE ONLY userdb.simbolo
    ADD CONSTRAINT "teoria_FK" FOREIGN KEY (teoriaid) REFERENCES userdb.teoria(id);


--
-- Name: termino termino_FK; Type: FK CONSTRAINT; Schema: userdb; Owner: userdb
--

ALTER TABLE ONLY userdb.termino
    ADD CONSTRAINT "termino_FK" FOREIGN KEY (login) REFERENCES userdb.usuario(login);


--
-- Name: usuario usuario_FK; Type: FK CONSTRAINT; Schema: userdb; Owner: userdb
--

ALTER TABLE ONLY userdb.usuario
    ADD CONSTRAINT "usuario_FK" FOREIGN KEY (materiaid) REFERENCES userdb.materia(id);


--
-- Name: mostrarcategoria usuario_FK; Type: FK CONSTRAINT; Schema: userdb; Owner: userdb
--

ALTER TABLE ONLY userdb.mostrarcategoria
    ADD CONSTRAINT "usuario_FK" FOREIGN KEY (usuariologin) REFERENCES userdb.usuario(login);


--
-- Name: SCHEMA public; Type: ACL; Schema: -; Owner: postgres
--

REVOKE ALL ON SCHEMA public FROM postgres;
REVOKE ALL ON SCHEMA public FROM PUBLIC;


--
-- Name: SCHEMA userdb; Type: ACL; Schema: -; Owner: postgres
--

GRANT ALL ON SCHEMA userdb TO userdb;


--
-- PostgreSQL database dump complete
--

